transaction_id,timestamp,amount,currency,payment_method,status
320655,2025-02-22 19:13:44.207315,792.297,EUR,PayPal,Completed
228524,2025-02-25 19:13:44.207334,497.94800000000004,SGD,PayPal,Failed
197078,2025-02-24 19:13:44.207340,86.933,GBP,Bank Transfer,Pending
227465,2025-03-19 19:13:44.207344,97.647,SGD,Bank Transfer,Failed
638121,2025-03-09 19:13:44.207348,660.726,EUR,Bank Transfer,Pending
690279,2025-03-12 19:13:44.207351,957.2200000000001,EUR,Credit Card,Completed
640668,2025-03-12 19:13:44.207354,271.31500000000005,JPY,Bank Transfer,Completed
488906,2025-02-27 19:13:44.207357,549.868,JPY,PayPal,Failed
100589,2025-03-08 19:13:44.207362,562.936,SGD,Credit Card,Completed
449739,2025-02-25 19:13:44.207365,77.59400000000001,EUR,Credit Card,Pending
358231,2025-03-16 19:13:44.207368,823.614,SGD,PayPal,Failed
193127,2025-02-21 19:13:44.207371,617.2760000000001,EUR,Credit Card,Pending
965825,2025-03-18 19:13:44.207374,968.341,JPY,Credit Card,Pending
416036,2025-03-14 19:13:44.207377,917.6750000000001,USD,PayPal,Completed
695306,2025-03-05 19:13:44.207380,48.345000000000006,SGD,PayPal,Pending
816692,2025-03-09 19:13:44.207383,837.969,GBP,Bank Transfer,Failed
715690,2025-03-01 19:13:44.207385,387.42,USD,Bank Transfer,Completed
303662,2025-03-18 19:13:44.207388,331.397,USD,Credit Card,Completed
369652,2025-02-27 19:13:44.207391,936.6170000000001,SGD,Bank Transfer,Pending
879188,2025-02-24 19:13:44.207394,1037.5420000000001,EUR,PayPal,Pending
908741,2025-03-14 19:13:44.207397,47.784,USD,Bank Transfer,Pending
100670,2025-03-03 19:13:44.207400,150.865,SGD,PayPal,Failed
573716,2025-03-09 19:13:44.207402,167.376,USD,PayPal,Pending
307178,2025-02-20 19:13:44.207405,697.2460000000001,JPY,PayPal,Completed
383789,2025-03-04 19:13:44.207408,814.1650000000001,JPY,PayPal,Completed
699768,2025-03-02 19:13:44.207411,576.6090000000002,USD,Bank Transfer,Completed
953325,2025-03-17 19:13:44.207414,1017.3570000000001,GBP,PayPal,Failed
706132,2025-03-08 19:13:44.207417,77.59400000000001,JPY,PayPal,Failed
334524,2025-03-03 19:13:44.207421,1024.749,EUR,PayPal,Failed
420869,2025-02-21 19:13:44.207423,990.1210000000001,SGD,Bank Transfer,Failed
306112,2025-02-20 19:13:44.207426,648.868,SGD,Bank Transfer,Pending
346423,2025-03-08 19:13:44.207429,805.4090000000001,EUR,Credit Card,Completed
882834,2025-03-10 19:13:44.207432,581.5590000000001,USD,Credit Card,Pending
877165,2025-03-09 19:13:44.207435,778.03,USD,Credit Card,Pending
780537,2025-03-18 19:13:44.207438,164.912,JPY,PayPal,Completed
179890,2025-03-12 19:13:44.207441,490.765,EUR,PayPal,Failed
776986,2025-02-25 19:13:44.207443,373.439,USD,Credit Card,Failed
892973,2025-03-12 19:13:44.207446,583.5390000000001,USD,Bank Transfer,Failed
557396,2025-03-14 19:13:44.207449,324.445,JPY,PayPal,Pending
226836,2025-03-04 19:13:44.207452,809.105,USD,Bank Transfer,Completed
135156,2025-02-19 19:13:44.207455,54.692,GBP,Bank Transfer,Pending
307410,2025-03-18 19:13:44.207458,790.229,GBP,PayPal,Pending
358159,2025-03-11 19:13:44.207460,208.098,SGD,PayPal,Pending
305775,2025-02-25 19:13:44.207463,946.4180000000001,JPY,Bank Transfer,Pending
579866,2025-02-21 19:13:44.207466,273.218,USD,Bank Transfer,Completed
700849,2025-02-26 19:13:44.207469,701.69,SGD,Bank Transfer,Failed
853197,2025-03-03 19:13:44.207472,145.211,SGD,PayPal,Completed
633896,2025-03-08 19:13:44.207475,65.351,SGD,PayPal,Pending
688511,2025-03-14 19:13:44.207478,621.2030000000001,GBP,PayPal,Failed
325629,2025-03-06 19:13:44.207481,54.19700000000001,EUR,Bank Transfer,Failed
614140,2025-03-16 19:13:44.207484,224.97200000000004,EUR,PayPal,Failed
729690,2025-02-19 19:13:44.207488,81.77400000000002,JPY,PayPal,Failed
303496,2025-03-12 19:13:44.207491,707.3770000000001,EUR,Credit Card,Pending
993885,2025-03-04 19:13:44.207494,480.788,EUR,Bank Transfer,Pending
249482,2025-02-21 19:13:44.207497,1028.962,JPY,Bank Transfer,Completed
332603,2025-02-21 19:13:44.207500,415.107,EUR,PayPal,Completed
189392,2025-02-25 19:13:44.207502,671.341,GBP,Bank Transfer,Pending
982858,2025-03-18 19:13:44.207505,33.176,SGD,Credit Card,Pending
676657,2025-03-11 19:13:44.207508,576.2020000000001,EUR,PayPal,Pending
193641,2025-02-25 19:13:44.207511,970.7060000000001,JPY,PayPal,Completed
460409,2025-03-03 19:13:44.207514,525.3050000000001,GBP,Bank Transfer,Pending
676603,2025-02-20 19:13:44.207517,440.231,SGD,Credit Card,Completed
934619,2025-02-27 19:13:44.207519,85.47000000000001,JPY,PayPal,Failed
868144,2025-02-19 19:13:44.207522,377.10200000000003,EUR,Bank Transfer,Pending
129678,2025-03-05 19:13:44.207525,534.3030000000001,GBP,Bank Transfer,Failed
178282,2025-03-11 19:13:44.207528,816.6510000000001,GBP,PayPal,Completed
844458,2025-02-22 19:13:44.207531,711.205,SGD,Credit Card,Completed
314058,2025-03-14 19:13:44.207535,328.47100000000006,JPY,Bank Transfer,Failed
509614,2025-03-02 19:13:44.207537,399.608,JPY,Credit Card,Failed
517086,2025-02-21 19:13:44.207540,1062.996,EUR,Credit Card,Completed
885539,2025-02-24 19:13:44.207543,596.3100000000001,EUR,PayPal,Pending
432184,2025-03-06 19:13:44.207546,413.2920000000001,SGD,Credit Card,Pending
501437,2025-03-05 19:13:44.207558,173.734,GBP,PayPal,Completed
276965,2025-03-03 19:13:44.207561,486.33200000000005,EUR,Bank Transfer,Pending
705743,2025-03-14 19:13:44.207563,301.45500000000004,GBP,PayPal,Completed
593340,2025-02-19 19:13:44.207566,1062.314,SGD,Credit Card,Completed
845111,2025-03-04 19:13:44.207569,879.2520000000002,USD,Bank Transfer,Completed
884312,2025-03-14 19:13:44.207573,47.916000000000004,JPY,Bank Transfer,Completed
902823,2025-03-08 19:13:44.207575,241.84600000000003,SGD,PayPal,Pending
370808,2025-03-02 19:13:44.207578,484.44,JPY,PayPal,Failed
554033,2025-03-20 19:13:44.207581,446.45700000000005,JPY,Credit Card,Completed
737572,2025-03-19 19:13:44.207584,365.86000000000007,EUR,PayPal,Pending
632464,2025-02-21 19:13:44.207586,377.25600000000003,GBP,PayPal,Failed
140243,2025-03-16 19:13:44.207589,323.70799999999997,GBP,Credit Card,Failed
561988,2025-03-07 19:13:44.207593,854.9530000000001,EUR,PayPal,Pending
461943,2025-03-14 19:13:44.207597,86.71300000000001,USD,PayPal,Pending
496977,2025-03-15 19:13:44.207600,143.484,GBP,Credit Card,Failed
973252,2025-02-21 19:13:44.207603,648.2630000000001,USD,PayPal,Failed
935886,2025-02-23 19:13:44.207606,873.0920000000001,SGD,Credit Card,Completed
509079,2025-02-23 19:13:44.207609,412.258,SGD,Credit Card,Pending
151882,2025-02-21 19:13:44.207611,939.719,EUR,PayPal,Failed
440224,2025-03-06 19:13:44.207614,139.24900000000002,GBP,Credit Card,Completed
229741,2025-02-27 19:13:44.207617,794.673,USD,Credit Card,Failed
651910,2025-02-26 19:13:44.207620,361.108,JPY,Bank Transfer,Completed
873841,2025-03-06 19:13:44.207623,399.83900000000006,SGD,Bank Transfer,Completed
439091,2025-03-06 19:13:44.207626,91.168,EUR,Credit Card,Completed
313146,2025-03-02 19:13:44.207628,549.0210000000001,JPY,Credit Card,Pending
849002,2025-03-17 19:13:44.207631,332.563,GBP,Credit Card,Failed
151915,2025-03-19 19:13:44.207634,729.465,JPY,Credit Card,Failed
909689,2025-02-27 19:13:44.207637,1040.776,JPY,Credit Card,Pending
547069,2025-02-22 19:13:44.207640,920.2710000000001,SGD,Bank Transfer,Failed
230495,2025-03-03 19:13:44.207643,138.435,SGD,Credit Card,Completed
801178,2025-03-17 19:13:44.207645,606.375,JPY,Bank Transfer,Completed
993439,2025-03-14 19:13:44.207648,111.001,EUR,Credit Card,Failed
581460,2025-03-19 19:13:44.207651,278.31100000000004,GBP,Bank Transfer,Failed
861429,2025-03-05 19:13:44.207654,271.18300000000005,GBP,Credit Card,Failed
417641,2025-03-16 19:13:44.207657,953.8320000000001,SGD,Bank Transfer,Completed
990742,2025-02-21 19:13:44.207660,493.91100000000006,USD,Bank Transfer,Pending
569178,2025-03-14 19:13:44.207663,789.2060000000001,USD,Bank Transfer,Pending
846381,2025-03-08 19:13:44.207666,422.45500000000004,GBP,Credit Card,Failed
563963,2025-02-26 19:13:44.207669,938.08,SGD,Credit Card,Pending
263760,2025-03-20 19:13:44.207671,194.23800000000003,USD,Credit Card,Failed
659386,2025-03-12 19:13:44.207674,402.809,GBP,Bank Transfer,Completed
566655,2025-03-10 19:13:44.207677,1015.74,SGD,Credit Card,Pending
185777,2025-03-19 19:13:44.207681,385.25300000000004,SGD,Bank Transfer,Pending
252563,2025-03-04 19:13:44.207683,773.696,GBP,Bank Transfer,Pending
681484,2025-03-11 19:13:44.207686,647.6030000000001,GBP,Bank Transfer,Failed
910439,2025-03-09 19:13:44.207689,697.4000000000001,GBP,Credit Card,Pending
334489,2025-03-03 19:13:44.207692,380.732,GBP,Credit Card,Failed
869524,2025-03-16 19:13:44.207695,236.95100000000002,EUR,Credit Card,Pending
464441,2025-03-04 19:13:44.207698,357.918,JPY,Bank Transfer,Pending
982488,2025-02-25 19:13:44.207700,577.9840000000002,SGD,Bank Transfer,Completed
417040,2025-03-12 19:13:44.207703,455.45500000000004,SGD,PayPal,Pending
752543,2025-02-23 19:13:44.207706,358.622,USD,Credit Card,Pending
561456,2025-03-20 19:13:44.207709,593.1200000000001,JPY,PayPal,Completed
179631,2025-03-15 19:13:44.207712,422.015,EUR,Credit Card,Pending
247396,2025-03-01 19:13:44.207715,942.8100000000001,JPY,Bank Transfer,Pending
882807,2025-03-17 19:13:44.207718,407.627,EUR,Bank Transfer,Failed
779823,2025-02-22 19:13:44.207721,923.296,EUR,Credit Card,Failed
121239,2025-03-03 19:13:44.207724,18.436000000000003,SGD,Credit Card,Pending
733034,2025-03-02 19:13:44.207727,576.3560000000001,GBP,PayPal,Failed
208036,2025-02-23 19:13:44.207729,968.297,JPY,PayPal,Failed
689083,2025-02-22 19:13:44.207732,968.9460000000001,SGD,Bank Transfer,Completed
891174,2025-03-13 19:13:44.207735,274.47200000000004,USD,PayPal,Pending
974510,2025-03-01 19:13:44.207738,938.5090000000001,SGD,Credit Card,Failed
996331,2025-03-18 19:13:44.207741,1066.241,JPY,Bank Transfer,Failed
452681,2025-02-27 19:13:44.207743,714.879,GBP,Credit Card,Failed
171772,2025-03-16 19:13:44.207746,678.667,SGD,Bank Transfer,Pending
510316,2025-03-14 19:13:44.207749,1008.491,SGD,Credit Card,Completed
374136,2025-03-09 19:13:44.207752,101.266,GBP,PayPal,Completed
639883,2025-02-25 19:13:44.207755,52.34900000000001,GBP,PayPal,Pending
373458,2025-03-08 19:13:44.207757,1022.9890000000001,SGD,PayPal,Failed
418736,2025-02-25 19:13:44.207760,804.6060000000001,USD,Credit Card,Pending
852069,2025-03-01 19:13:44.207763,828.168,SGD,PayPal,Pending
895667,2025-03-10 19:13:44.207766,964.282,EUR,PayPal,Failed
463941,2025-02-25 19:13:44.207770,879.296,GBP,PayPal,Failed
434440,2025-02-21 19:13:44.207773,666.5780000000001,SGD,PayPal,Pending
216118,2025-02-22 19:13:44.207776,579.447,JPY,Credit Card,Failed
501053,2025-03-04 19:13:44.207779,430.91400000000004,USD,Bank Transfer,Failed
637137,2025-02-19 19:13:44.207783,579.436,GBP,Credit Card,Pending
127973,2025-02-26 19:13:44.207785,538.4390000000001,USD,PayPal,Completed
393081,2025-02-23 19:13:44.207788,273.394,SGD,PayPal,Failed
723548,2025-03-09 19:13:44.207791,559.2620000000001,GBP,Credit Card,Failed
950778,2025-03-15 19:13:44.207794,257.576,GBP,PayPal,Pending
264386,2025-03-09 19:13:44.207797,275.869,USD,PayPal,Pending
531356,2025-02-24 19:13:44.207799,329.648,JPY,PayPal,Completed
416072,2025-02-20 19:13:44.207802,286.088,GBP,Bank Transfer,Pending
126106,2025-03-13 19:13:44.207805,775.016,EUR,PayPal,Failed
112953,2025-03-19 19:13:44.207808,724.2070000000001,GBP,Credit Card,Pending
658926,2025-03-02 19:13:44.207811,812.3170000000001,GBP,Bank Transfer,Completed
331373,2025-03-13 19:13:44.207813,1009.316,GBP,Credit Card,Pending
448271,2025-02-28 19:13:44.207816,1059.641,USD,Bank Transfer,Completed
290444,2025-03-13 19:13:44.207819,832.9530000000001,SGD,Credit Card,Completed
277181,2025-02-22 19:13:44.207822,807.037,JPY,Bank Transfer,Failed
824081,2025-03-06 19:13:44.207829,571.3290000000001,USD,Credit Card,Failed
180515,2025-03-08 19:13:44.207832,539.638,USD,Bank Transfer,Pending
654876,2025-03-18 19:13:44.207835,47.938,SGD,Bank Transfer,Completed
841190,2025-03-20 19:13:44.207838,420.002,JPY,Credit Card,Completed
452679,2025-03-19 19:13:44.207841,776.105,JPY,PayPal,Pending
929306,2025-02-19 19:13:44.207844,595.9140000000001,SGD,PayPal,Completed
235712,2025-03-10 19:13:44.207847,443.47600000000006,GBP,PayPal,Failed
432021,2025-03-09 19:13:44.207850,637.1310000000001,EUR,PayPal,Completed
935561,2025-02-22 19:13:44.207853,226.60000000000002,EUR,Credit Card,Failed
203164,2025-03-07 19:13:44.207856,552.1010000000001,JPY,Credit Card,Completed
611570,2025-03-04 19:13:44.207859,1083.6760000000002,GBP,Bank Transfer,Failed
801893,2025-03-06 19:13:44.207861,207.845,JPY,Credit Card,Failed
747361,2025-03-16 19:13:44.207864,85.84400000000001,JPY,Bank Transfer,Pending
758549,2025-03-19 19:13:44.207867,858.572,JPY,Bank Transfer,Completed
184962,2025-03-14 19:13:44.207871,755.436,JPY,Credit Card,Failed
944598,2025-03-12 19:13:44.207873,237.776,JPY,PayPal,Completed
158445,2025-03-03 19:13:44.207876,339.064,USD,PayPal,Failed
128032,2025-03-19 19:13:44.207879,593.45,EUR,Credit Card,Pending
847834,2025-03-02 19:13:44.207882,427.427,USD,Credit Card,Completed
537594,2025-02-20 19:13:44.207885,1027.8840000000002,EUR,Credit Card,Pending
993337,2025-03-07 19:13:44.207888,1027.169,JPY,PayPal,Failed
879294,2025-03-13 19:13:44.207891,590.7880000000001,USD,Credit Card,Failed
820747,2025-02-28 19:13:44.207894,487.4870000000001,JPY,PayPal,Pending
447344,2025-02-26 19:13:44.207897,15.774000000000001,GBP,Bank Transfer,Pending
234654,2025-02-28 19:13:44.207899,274.78000000000003,EUR,PayPal,Completed
616140,2025-03-06 19:13:44.207902,963.1820000000001,SGD,PayPal,Pending
922312,2025-03-17 19:13:44.207905,174.372,GBP,PayPal,Pending
455352,2025-03-03 19:13:44.207908,442.88200000000006,SGD,PayPal,Pending
764501,2025-03-03 19:13:44.207911,599.412,USD,Bank Transfer,Pending
763907,2025-03-11 19:13:44.207913,392.92,EUR,PayPal,Pending
678393,2025-02-26 19:13:44.207916,756.1510000000001,JPY,Credit Card,Pending
580670,2025-03-18 19:13:44.207919,218.383,SGD,Credit Card,Failed
128130,2025-03-16 19:13:44.207922,134.101,USD,Credit Card,Completed
948189,2025-03-07 19:13:44.207924,112.167,GBP,Credit Card,Failed
212898,2025-03-02 19:13:44.207927,325.79800000000006,GBP,Credit Card,Completed
895198,2025-02-26 19:13:44.207930,1091.673,JPY,Credit Card,Pending
659646,2025-03-19 19:13:44.207933,332.211,JPY,Credit Card,Failed
178443,2025-02-23 19:13:44.207936,669.493,GBP,Bank Transfer,Pending
244322,2025-02-20 19:13:44.207939,759.022,GBP,Credit Card,Completed
994260,2025-03-01 19:13:44.207942,704.6270000000001,USD,Bank Transfer,Completed
215137,2025-03-03 19:13:44.207945,899.844,USD,Bank Transfer,Completed
453254,2025-03-05 19:13:44.207948,76.054,EUR,Bank Transfer,Failed
489145,2025-03-08 19:13:44.207951,1016.4330000000001,EUR,Credit Card,Failed
611049,2025-03-04 19:13:44.207954,630.1020000000001,EUR,Credit Card,Pending
705318,2025-02-26 19:13:44.207957,850.3770000000002,USD,Credit Card,Completed
509890,2025-03-02 19:13:44.207959,765.8090000000001,JPY,PayPal,Completed
818547,2025-02-23 19:13:44.207962,542.8280000000001,EUR,PayPal,Failed
420859,2025-02-24 19:13:44.207965,46.42000000000001,GBP,Bank Transfer,Completed
101211,2025-02-23 19:13:44.207968,85.206,JPY,Bank Transfer,Pending
437104,2025-03-14 19:13:44.207971,586.586,SGD,Credit Card,Completed
978260,2025-03-03 19:13:44.207974,162.42600000000002,USD,Credit Card,Pending
567669,2025-02-28 19:13:44.207977,1007.6990000000001,JPY,Bank Transfer,Failed
393398,2025-03-11 19:13:44.207980,955.0640000000001,USD,PayPal,Completed
262100,2025-03-06 19:13:44.207983,867.0420000000001,SGD,Credit Card,Failed
634937,2025-03-11 19:13:44.207985,1039.72,USD,PayPal,Failed
416236,2025-02-27 19:13:44.207988,810.7,EUR,PayPal,Pending
945194,2025-03-16 19:13:44.207992,880.5830000000001,EUR,PayPal,Completed
577741,2025-03-19 19:13:44.207994,616.297,USD,Credit Card,Pending
714659,2025-03-01 19:13:44.207997,35.464000000000006,USD,Bank Transfer,Completed
304565,2025-03-10 19:13:44.208001,1075.008,EUR,PayPal,Failed
838639,2025-03-09 19:13:44.208004,984.6210000000001,SGD,Credit Card,Pending
268089,2025-02-22 19:13:44.208007,538.802,USD,Bank Transfer,Failed
266280,2025-03-08 19:13:44.208009,664.224,SGD,Credit Card,Pending
346306,2025-03-04 19:13:44.208012,37.565000000000005,USD,PayPal,Pending
225690,2025-03-05 19:13:44.208015,922.0420000000001,EUR,PayPal,Failed
253142,2025-03-08 19:13:44.208018,746.812,EUR,Bank Transfer,Failed
349343,2025-03-13 19:13:44.208020,830.5880000000001,EUR,PayPal,Failed
764075,2025-03-14 19:13:44.208023,997.1500000000001,GBP,Credit Card,Completed
331913,2025-02-23 19:13:44.208026,868.7470000000001,SGD,Bank Transfer,Pending
120454,2025-03-07 19:13:44.208029,548.383,JPY,PayPal,Pending
607747,2025-03-05 19:13:44.208032,88.58300000000001,SGD,Credit Card,Completed
175962,2025-03-02 19:13:44.208035,70.57600000000001,USD,Credit Card,Pending
829811,2025-03-03 19:13:44.208037,407.077,SGD,PayPal,Completed
157385,2025-02-28 19:13:44.208040,845.691,GBP,PayPal,Completed
356042,2025-03-09 19:13:44.208043,963.2590000000001,JPY,PayPal,Completed
838881,2025-03-17 19:13:44.208046,597.487,SGD,PayPal,Pending
604249,2025-03-20 19:13:44.208049,307.747,EUR,Credit Card,Completed
578096,2025-03-16 19:13:44.208051,854.5680000000001,JPY,PayPal,Failed
433535,2025-03-11 19:13:44.208056,910.7780000000001,JPY,PayPal,Failed
248411,2025-02-22 19:13:44.208058,685.0360000000001,GBP,Credit Card,Failed
866701,2025-03-08 19:13:44.208061,429.06600000000003,USD,Credit Card,Pending
746761,2025-03-20 19:13:44.208064,221.562,JPY,PayPal,Pending
815036,2025-03-04 19:13:44.208067,1007.1490000000001,SGD,PayPal,Failed
877261,2025-02-27 19:13:44.208070,812.119,USD,PayPal,Pending
763812,2025-02-23 19:13:44.208073,659.0210000000001,GBP,PayPal,Pending
730972,2025-03-07 19:13:44.208075,924.869,USD,Bank Transfer,Completed
756166,2025-03-01 19:13:44.208078,1077.1860000000001,SGD,PayPal,Completed
317652,2025-02-23 19:13:44.208081,669.669,USD,Credit Card,Completed
938027,2025-03-04 19:13:44.208084,357.731,JPY,PayPal,Failed
972506,2025-03-13 19:13:44.208087,132.88,SGD,PayPal,Pending
998607,2025-03-03 19:13:44.208090,219.186,USD,Bank Transfer,Completed
719335,2025-02-26 19:13:44.208094,589.556,GBP,Credit Card,Completed
474615,2025-02-20 19:13:44.208100,607.222,SGD,Bank Transfer,Failed
378462,2025-02-20 19:13:44.208103,824.0210000000001,USD,Credit Card,Completed
554263,2025-03-15 19:13:44.208106,725.8570000000001,SGD,Bank Transfer,Pending
818719,2025-03-03 19:13:44.208109,893.783,JPY,Bank Transfer,Completed
734623,2025-03-12 19:13:44.208112,929.2470000000001,USD,Credit Card,Failed
548095,2025-02-25 19:13:44.208115,50.74300000000001,SGD,Credit Card,Completed
883950,2025-03-15 19:13:44.208119,411.84000000000003,USD,Bank Transfer,Failed
587663,2025-03-16 19:13:44.208121,27.181000000000004,EUR,PayPal,Pending
578737,2025-02-22 19:13:44.208124,681.5820000000001,GBP,PayPal,Completed
168390,2025-03-03 19:13:44.208127,297.473,USD,Bank Transfer,Failed
417833,2025-03-20 19:13:44.208130,936.243,GBP,PayPal,Pending
826992,2025-03-19 19:13:44.208133,194.05100000000002,USD,PayPal,Failed
750881,2025-02-21 19:13:44.208135,196.51500000000001,USD,Credit Card,Completed
875290,2025-02-19 19:13:44.208139,735.3280000000001,JPY,Credit Card,Failed
731703,2025-03-05 19:13:44.208141,386.133,JPY,Credit Card,Failed
320084,2025-03-07 19:13:44.208144,412.67600000000004,EUR,Credit Card,Completed
647262,2025-03-19 19:13:44.208147,116.721,JPY,Bank Transfer,Completed
131622,2025-02-22 19:13:44.208150,870.3420000000001,JPY,PayPal,Completed
397353,2025-03-15 19:13:44.208153,657.3820000000001,JPY,Bank Transfer,Pending
599518,2025-03-16 19:13:44.208156,98.14200000000001,SGD,Bank Transfer,Pending
135245,2025-02-20 19:13:44.208158,209.209,GBP,Credit Card,Completed
868803,2025-03-09 19:13:44.208162,592.13,SGD,Bank Transfer,Completed
882311,2025-03-04 19:13:44.208165,562.0010000000001,SGD,Credit Card,Completed
870801,2025-03-14 19:13:44.208168,722.9420000000001,USD,PayPal,Pending
643715,2025-03-03 19:13:44.208171,308.308,GBP,Credit Card,Completed
727319,2025-03-15 19:13:44.208174,555.4780000000001,SGD,Credit Card,Failed
963328,2025-03-12 19:13:44.208177,896.148,JPY,PayPal,Completed
915037,2025-03-05 19:13:44.208180,637.571,JPY,PayPal,Failed
756670,2025-03-12 19:13:44.208183,538.1750000000001,JPY,Credit Card,Pending
779974,2025-03-20 19:13:44.208186,86.801,EUR,Bank Transfer,Failed
861217,2025-02-28 19:13:44.208188,204.952,EUR,Credit Card,Failed
111660,2025-02-27 19:13:44.208191,429.7370000000001,GBP,PayPal,Completed
553177,2025-02-22 19:13:44.208194,480.12800000000004,SGD,Credit Card,Pending
442548,2025-02-21 19:13:44.208197,795.4540000000001,EUR,Credit Card,Failed
351973,2025-03-15 19:13:44.208200,345.64200000000005,EUR,Bank Transfer,Completed
608705,2025-02-25 19:13:44.208203,27.214000000000002,SGD,PayPal,Failed
954885,2025-03-10 19:13:44.208206,81.18,SGD,PayPal,Failed
495631,2025-03-11 19:13:44.208209,771.9250000000001,JPY,Bank Transfer,Failed
197768,2025-03-12 19:13:44.208212,222.31,JPY,Bank Transfer,Failed
835298,2025-03-15 19:13:44.208215,155.078,SGD,Credit Card,Completed
721159,2025-03-13 19:13:44.208217,667.9970000000001,GBP,Credit Card,Pending
265954,2025-03-15 19:13:44.208220,936.298,EUR,Bank Transfer,Pending
566099,2025-02-21 19:13:44.208223,198.792,USD,Credit Card,Failed
505983,2025-03-14 19:13:44.208226,107.17300000000002,USD,Bank Transfer,Failed
768758,2025-03-02 19:13:44.208228,17.941,JPY,Credit Card,Failed
244399,2025-03-16 19:13:44.208232,597.091,EUR,Credit Card,Completed
535871,2025-02-23 19:13:44.208235,527.956,USD,Bank Transfer,Pending
288972,2025-03-03 19:13:44.208238,1098.823,SGD,Bank Transfer,Pending
474504,2025-02-27 19:13:44.208241,896.1700000000001,GBP,Credit Card,Pending
985468,2025-03-19 19:13:44.208244,541.332,USD,Bank Transfer,Failed
240619,2025-03-05 19:13:44.208247,729.432,USD,PayPal,Pending
275141,2025-02-20 19:13:44.208250,936.7490000000001,JPY,Bank Transfer,Completed
371927,2025-02-26 19:13:44.208253,44.297000000000004,GBP,Bank Transfer,Completed
401423,2025-03-07 19:13:44.208256,21.615,GBP,PayPal,Failed
309645,2025-03-17 19:13:44.208259,430.254,EUR,Credit Card,Failed
953048,2025-03-05 19:13:44.208262,455.752,JPY,PayPal,Pending
124814,2025-02-22 19:13:44.208265,281.16,SGD,Credit Card,Completed
143523,2025-03-04 19:13:44.208268,165.66,EUR,Bank Transfer,Completed
157144,2025-03-17 19:13:44.208271,53.73500000000001,EUR,Bank Transfer,Pending
602400,2025-03-07 19:13:44.208273,397.55100000000004,GBP,PayPal,Pending
297895,2025-03-02 19:13:44.208276,104.929,JPY,PayPal,Pending
215755,2025-02-21 19:13:44.208279,347.77600000000007,JPY,PayPal,Completed
661166,2025-03-13 19:13:44.208282,1028.5,JPY,Credit Card,Pending
533458,2025-02-28 19:13:44.208285,379.258,USD,PayPal,Pending
690652,2025-03-14 19:13:44.208288,462.231,JPY,PayPal,Pending
724387,2025-03-05 19:13:44.208291,978.142,USD,Credit Card,Failed
921816,2025-03-07 19:13:44.208294,279.543,USD,Credit Card,Failed
611722,2025-02-21 19:13:44.208297,986.6450000000001,GBP,Bank Transfer,Pending
560939,2025-02-20 19:13:44.208299,326.425,EUR,PayPal,Pending
475861,2025-03-19 19:13:44.208302,693.3740000000001,GBP,Credit Card,Failed
967005,2025-02-23 19:13:44.208305,625.537,JPY,Credit Card,Failed
372265,2025-02-27 19:13:44.208308,1013.815,JPY,PayPal,Failed
527312,2025-03-06 19:13:44.208310,1042.9650000000001,GBP,Credit Card,Failed
275928,2025-02-20 19:13:44.208313,858.143,USD,PayPal,Failed
755720,2025-03-12 19:13:44.208316,782.8810000000001,JPY,PayPal,Completed
159465,2025-02-23 19:13:44.208319,269.302,SGD,Bank Transfer,Failed
671805,2025-02-20 19:13:44.208322,916.2560000000001,SGD,PayPal,Completed
682223,2025-03-03 19:13:44.208324,550.528,JPY,Credit Card,Pending
641861,2025-03-02 19:13:44.208327,274.659,USD,Bank Transfer,Failed
274002,2025-03-01 19:13:44.208330,1034.858,GBP,Bank Transfer,Pending
249911,2025-03-16 19:13:44.208333,297.341,EUR,Bank Transfer,Failed
213389,2025-02-24 19:13:44.208336,307.26300000000003,JPY,PayPal,Failed
468160,2025-02-19 19:13:44.208338,238.04000000000002,GBP,Credit Card,Completed
409334,2025-02-26 19:13:44.208342,133.012,SGD,Bank Transfer,Pending
278841,2025-03-16 19:13:44.208347,205.359,EUR,Credit Card,Pending
566270,2025-03-12 19:13:44.208349,893.948,GBP,PayPal,Completed
373378,2025-03-05 19:13:44.208352,720.643,USD,Credit Card,Completed
188173,2025-02-23 19:13:44.208355,325.633,EUR,Credit Card,Pending
314162,2025-03-14 19:13:44.208358,605.44,EUR,PayPal,Completed
383714,2025-03-10 19:13:44.208361,768.2840000000001,SGD,Credit Card,Pending
652650,2025-02-24 19:13:44.208363,537.845,SGD,Credit Card,Failed
713097,2025-02-19 19:13:44.208366,1068.056,EUR,Bank Transfer,Pending
632375,2025-03-14 19:13:44.208372,864.633,EUR,Bank Transfer,Failed
548217,2025-02-26 19:13:44.208375,597.212,JPY,Bank Transfer,Failed
358206,2025-03-11 19:13:44.208378,512.369,SGD,Bank Transfer,Completed
290451,2025-03-20 19:13:44.208381,641.894,EUR,Credit Card,Failed
770967,2025-02-23 19:13:44.208384,293.04,SGD,Credit Card,Pending
760332,2025-03-08 19:13:44.208387,863.3460000000001,GBP,Bank Transfer,Failed
454753,2025-02-22 19:13:44.208390,914.1880000000001,USD,Bank Transfer,Failed
859334,2025-03-07 19:13:44.208393,143.60500000000002,USD,Credit Card,Pending
754595,2025-03-03 19:13:44.208395,532.0590000000001,JPY,PayPal,Failed
111538,2025-03-02 19:13:44.208398,1082.015,EUR,PayPal,Failed
133087,2025-03-07 19:13:44.208401,821.5020000000001,SGD,PayPal,Failed
978481,2025-03-06 19:13:44.208404,311.97100000000006,GBP,Bank Transfer,Failed
176837,2025-03-12 19:13:44.208407,489.522,GBP,PayPal,Failed
669542,2025-03-15 19:13:44.208410,34.749,EUR,PayPal,Pending
295652,2025-02-20 19:13:44.208413,297.53900000000004,JPY,PayPal,Pending
450421,2025-02-23 19:13:44.208416,413.633,GBP,Bank Transfer,Completed
643134,2025-03-19 19:13:44.208419,449.30600000000004,JPY,PayPal,Failed
975116,2025-03-18 19:13:44.208422,169.57600000000002,JPY,PayPal,Pending
507628,2025-03-09 19:13:44.208424,385.858,JPY,Bank Transfer,Pending
572889,2025-03-09 19:13:44.208427,11.792000000000002,SGD,Credit Card,Completed
727143,2025-03-04 19:13:44.208430,826.7270000000001,JPY,Credit Card,Pending
958652,2025-03-10 19:13:44.208433,549.9780000000001,SGD,Bank Transfer,Pending
612476,2025-03-07 19:13:44.208436,767.9430000000001,JPY,PayPal,Pending
976929,2025-03-13 19:13:44.208439,820.2920000000001,USD,PayPal,Completed
106155,2025-03-14 19:13:44.208442,71.39000000000001,EUR,Bank Transfer,Pending
462793,2025-02-20 19:13:44.208445,131.274,JPY,PayPal,Failed
130126,2025-02-27 19:13:44.208447,43.252,EUR,PayPal,Pending
120527,2025-03-04 19:13:44.208450,462.891,JPY,PayPal,Failed
295930,2025-02-25 19:13:44.208453,559.8230000000001,JPY,Bank Transfer,Pending
753858,2025-02-21 19:13:44.208455,287.14400000000006,USD,Credit Card,Failed
332096,2025-02-22 19:13:44.208458,46.684000000000005,GBP,Credit Card,Completed
790122,2025-03-17 19:13:44.208462,1049.741,USD,PayPal,Completed
568561,2025-02-25 19:13:44.208465,666.2590000000001,SGD,PayPal,Pending
576893,2025-02-25 19:13:44.208467,160.743,USD,Credit Card,Completed
238858,2025-02-28 19:13:44.208470,233.20000000000002,JPY,Bank Transfer,Failed
527328,2025-03-05 19:13:44.208473,327.94300000000004,GBP,PayPal,Completed
529062,2025-03-06 19:13:44.208476,654.6100000000001,SGD,Credit Card,Pending
240772,2025-03-20 19:13:44.208478,1092.0140000000001,JPY,Bank Transfer,Completed
124631,2025-03-20 19:13:44.208481,1017.4340000000002,SGD,Bank Transfer,Completed
950068,2025-03-11 19:13:44.208484,850.9490000000001,EUR,Credit Card,Pending
646346,2025-03-20 19:13:44.208487,745.4920000000001,JPY,Bank Transfer,Failed
137523,2025-03-08 19:13:44.208489,170.247,USD,PayPal,Pending
637517,2025-03-19 19:13:44.208492,450.97800000000007,GBP,PayPal,Failed
697223,2025-02-24 19:13:44.208495,1083.8850000000002,GBP,Bank Transfer,Completed
414195,2025-03-05 19:13:44.208498,725.6590000000001,EUR,Bank Transfer,Completed
809498,2025-02-22 19:13:44.208500,552.4200000000001,JPY,Credit Card,Failed
291813,2025-02-24 19:13:44.208503,146.454,JPY,PayPal,Failed
836028,2025-03-15 19:13:44.208506,710.116,JPY,PayPal,Pending
482014,2025-02-20 19:13:44.208509,1074.0620000000001,JPY,PayPal,Completed
265846,2025-03-01 19:13:44.208512,1065.592,USD,Credit Card,Completed
174949,2025-02-23 19:13:44.208515,346.654,SGD,Bank Transfer,Pending
213283,2025-03-15 19:13:44.208518,953.865,JPY,PayPal,Pending
116802,2025-03-06 19:13:44.208521,815.5840000000002,SGD,Credit Card,Completed
710052,2025-03-07 19:13:44.208524,480.293,GBP,Bank Transfer,Completed
449588,2025-02-25 19:13:44.208527,720.8850000000001,JPY,PayPal,Failed
627878,2025-02-28 19:13:44.208530,544.5110000000001,GBP,Bank Transfer,Failed
926586,2025-02-19 19:13:44.208533,171.644,GBP,Credit Card,Pending
232631,2025-03-11 19:13:44.208536,994.9830000000001,JPY,PayPal,Failed
227001,2025-02-23 19:13:44.208539,845.8670000000001,GBP,Bank Transfer,Failed
715224,2025-03-06 19:13:44.208542,150.92,GBP,Credit Card,Failed
295358,2025-03-06 19:13:44.208545,342.463,USD,PayPal,Pending
996711,2025-03-11 19:13:44.208548,984.5990000000002,GBP,PayPal,Failed
842778,2025-03-19 19:13:44.208550,102.245,SGD,Bank Transfer,Pending
544186,2025-03-12 19:13:44.208553,721.7760000000001,GBP,Credit Card,Completed
147488,2025-03-19 19:13:44.208556,1052.6450000000002,SGD,Credit Card,Failed
428951,2025-03-20 19:13:44.208559,531.861,JPY,PayPal,Failed
213683,2025-03-03 19:13:44.208561,729.9820000000001,JPY,PayPal,Pending
212775,2025-03-01 19:13:44.208564,564.894,SGD,PayPal,Pending
249846,2025-02-19 19:13:44.208567,294.16200000000003,USD,Credit Card,Failed
873152,2025-03-04 19:13:44.208570,265.771,EUR,Credit Card,Completed
559688,2025-02-25 19:13:44.208573,233.36500000000004,GBP,Bank Transfer,Failed
856838,2025-03-11 19:13:44.208576,490.13800000000003,JPY,PayPal,Pending
296201,2025-03-01 19:13:44.208579,717.9700000000001,EUR,Bank Transfer,Failed
869216,2025-03-02 19:13:44.208582,1043.4820000000002,SGD,PayPal,Pending
450283,2025-02-27 19:13:44.208584,1019.1280000000002,USD,Bank Transfer,Failed
910189,2025-02-19 19:13:44.208587,377.17900000000003,EUR,PayPal,Pending
352967,2025-03-10 19:13:44.208591,1014.618,SGD,Credit Card,Pending
733778,2025-03-07 19:13:44.208594,240.735,GBP,Credit Card,Failed
462523,2025-03-12 19:13:44.208596,449.59200000000004,JPY,Bank Transfer,Failed
647095,2025-03-01 19:13:44.208599,1079.6280000000002,SGD,Bank Transfer,Completed
715682,2025-02-25 19:13:44.208602,232.562,EUR,Credit Card,Completed
226770,2025-03-17 19:13:44.208605,810.766,USD,Credit Card,Completed
727047,2025-02-23 19:13:44.208607,224.14700000000002,JPY,Bank Transfer,Completed
609222,2025-02-25 19:13:44.208610,718.1790000000001,JPY,Credit Card,Failed
593330,2025-03-11 19:13:44.208613,11.055000000000001,USD,PayPal,Pending
163347,2025-03-07 19:13:44.208617,884.0260000000001,GBP,PayPal,Failed
948448,2025-03-11 19:13:44.208620,615.1640000000001,SGD,Bank Transfer,Pending
655193,2025-02-24 19:13:44.208623,811.0520000000001,JPY,PayPal,Completed
410837,2025-02-25 19:13:44.208626,610.7310000000001,SGD,PayPal,Completed
135901,2025-03-18 19:13:44.208630,813.5490000000001,SGD,Credit Card,Failed
931421,2025-03-01 19:13:44.208632,1071.719,GBP,Bank Transfer,Completed
399329,2025-02-22 19:13:44.208635,141.383,EUR,Bank Transfer,Pending
384032,2025-02-28 19:13:44.208641,171.16,USD,PayPal,Completed
569627,2025-03-03 19:13:44.208644,503.107,GBP,PayPal,Failed
245283,2025-03-08 19:13:44.208647,358.85300000000007,SGD,PayPal,Pending
563759,2025-03-13 19:13:44.208650,556.8090000000001,SGD,PayPal,Completed
662272,2025-03-20 19:13:44.208652,574.2880000000001,JPY,Bank Transfer,Pending
724165,2025-02-25 19:13:44.208655,746.383,EUR,Bank Transfer,Failed
901361,2025-02-21 19:13:44.208658,1074.4360000000001,JPY,Credit Card,Pending
408938,2025-03-12 19:13:44.208661,204.89700000000002,GBP,Credit Card,Completed
696607,2025-03-08 19:13:44.208663,815.826,JPY,Bank Transfer,Failed
753276,2025-03-15 19:13:44.208666,965.3270000000001,GBP,PayPal,Failed
462193,2025-03-01 19:13:44.208669,624.272,EUR,PayPal,Pending
837953,2025-03-11 19:13:44.208672,762.2560000000001,USD,PayPal,Failed
961420,2025-03-18 19:13:44.208674,746.7900000000001,EUR,Credit Card,Pending
604048,2025-03-02 19:13:44.208677,60.104000000000006,USD,PayPal,Failed
693826,2025-03-10 19:13:44.208680,214.81900000000002,SGD,Credit Card,Completed
395469,2025-02-22 19:13:44.208683,479.61100000000005,EUR,Bank Transfer,Completed
603958,2025-02-20 19:13:44.208686,158.35600000000002,GBP,Credit Card,Failed
591305,2025-03-02 19:13:44.208690,221.54000000000002,EUR,Bank Transfer,Failed
452063,2025-03-12 19:13:44.208693,248.13800000000003,USD,Bank Transfer,Pending
571495,2025-03-14 19:13:44.208696,1091.0240000000001,SGD,Bank Transfer,Pending
733815,2025-03-07 19:13:44.208698,376.057,JPY,PayPal,Failed
480501,2025-02-24 19:13:44.208701,526.6800000000001,USD,Bank Transfer,Pending
300771,2025-02-23 19:13:44.208704,768.3170000000001,USD,PayPal,Completed
502862,2025-03-10 19:13:44.208707,409.10100000000006,GBP,Bank Transfer,Pending
943758,2025-02-22 19:13:44.208710,179.05800000000002,GBP,Credit Card,Failed
118265,2025-02-27 19:13:44.208713,487.047,JPY,PayPal,Completed
559389,2025-03-15 19:13:44.208716,578.1380000000001,USD,Credit Card,Failed
595590,2025-03-15 19:13:44.208719,658.13,USD,Credit Card,Failed
757740,2025-03-11 19:13:44.208723,114.01500000000001,JPY,PayPal,Failed
191242,2025-03-01 19:13:44.208726,214.467,USD,PayPal,Completed
259680,2025-03-08 19:13:44.208729,644.0060000000001,EUR,Credit Card,Failed
255166,2025-03-10 19:13:44.208732,1026.3990000000001,GBP,PayPal,Failed
574278,2025-03-18 19:13:44.208734,141.22899999999998,SGD,Bank Transfer,Completed
445890,2025-02-28 19:13:44.208737,817.498,GBP,Bank Transfer,Failed
961155,2025-02-20 19:13:44.208740,701.4590000000001,USD,PayPal,Pending
718391,2025-03-19 19:13:44.208743,194.31500000000003,JPY,Credit Card,Pending
848745,2025-02-26 19:13:44.208747,852.7640000000001,SGD,Bank Transfer,Failed
191648,2025-03-19 19:13:44.208750,839.85,JPY,PayPal,Pending
740688,2025-03-13 19:13:44.208752,604.6700000000001,USD,PayPal,Pending
637424,2025-02-26 19:13:44.208755,770.462,SGD,PayPal,Completed
131281,2025-03-14 19:13:44.208759,327.481,USD,PayPal,Failed
217724,2025-02-19 19:13:44.208762,750.101,JPY,Bank Transfer,Completed
274100,2025-03-13 19:13:44.208765,528.77,SGD,Credit Card,Completed
285303,2025-03-13 19:13:44.208767,497.1120000000001,JPY,Credit Card,Completed
610210,2025-02-24 19:13:44.208770,251.537,USD,Credit Card,Pending
184563,2025-02-20 19:13:44.208773,880.748,SGD,Bank Transfer,Failed
144899,2025-02-26 19:13:44.208776,74.93200000000002,GBP,Credit Card,Completed
638629,2025-02-26 19:13:44.208779,203.324,JPY,Credit Card,Failed
414776,2025-03-10 19:13:44.208782,1038.6090000000002,GBP,Bank Transfer,Completed
248202,2025-02-20 19:13:44.208785,854.2600000000001,GBP,PayPal,Pending
530022,2025-02-23 19:13:44.208788,527.7470000000001,GBP,PayPal,Failed
219230,2025-03-01 19:13:44.208791,1044.461,GBP,Bank Transfer,Pending
857870,2025-03-16 19:13:44.208793,471.46000000000004,EUR,Credit Card,Failed
884992,2025-03-13 19:13:44.208796,430.58400000000006,JPY,Bank Transfer,Failed
614180,2025-03-09 19:13:44.208799,499.46600000000007,GBP,Credit Card,Pending
488581,2025-03-17 19:13:44.208802,536.844,USD,PayPal,Completed
106096,2025-03-07 19:13:44.208806,55.77000000000001,SGD,Bank Transfer,Completed
669991,2025-03-11 19:13:44.208810,756.6020000000001,JPY,Credit Card,Pending
168651,2025-02-23 19:13:44.208813,680.3280000000001,SGD,PayPal,Pending
331099,2025-03-02 19:13:44.208816,875.897,JPY,Bank Transfer,Completed
257230,2025-02-20 19:13:44.208819,539.869,JPY,Bank Transfer,Completed
160608,2025-03-14 19:13:44.208822,946.7920000000001,JPY,Credit Card,Pending
133883,2025-03-17 19:13:44.208825,179.85000000000002,GBP,PayPal,Pending
141837,2025-03-17 19:13:44.208828,408.8260000000001,USD,PayPal,Completed
527495,2025-03-19 19:13:44.208831,879.3840000000001,USD,Bank Transfer,Failed
984338,2025-03-01 19:13:44.208834,206.129,USD,Credit Card,Completed
543377,2025-03-06 19:13:44.208837,415.08500000000004,USD,PayPal,Pending
707189,2025-03-14 19:13:44.208840,835.9340000000001,GBP,Credit Card,Pending
293264,2025-03-05 19:13:44.208843,521.609,USD,Credit Card,Pending
511176,2025-03-10 19:13:44.208848,51.54600000000001,SGD,Bank Transfer,Completed
614559,2025-02-23 19:13:44.208850,571.8570000000001,GBP,PayPal,Failed
895715,2025-03-12 19:13:44.208853,917.0700000000002,USD,PayPal,Failed
955164,2025-03-12 19:13:44.208856,524.139,JPY,Credit Card,Completed
813636,2025-03-10 19:13:44.208859,30.866,SGD,PayPal,Completed
839803,2025-03-03 19:13:44.208862,527.34,SGD,Bank Transfer,Pending
161025,2025-02-20 19:13:44.208866,331.122,EUR,Credit Card,Failed
437137,2025-03-06 19:13:44.208868,88.19800000000002,GBP,Bank Transfer,Failed
462382,2025-02-23 19:13:44.208871,902.6490000000001,SGD,Credit Card,Failed
117518,2025-02-27 19:13:44.208874,666.974,USD,PayPal,Pending
704955,2025-02-23 19:13:44.208877,737.297,USD,PayPal,Failed
422787,2025-02-22 19:13:44.208880,944.537,USD,Bank Transfer,Completed
960866,2025-03-12 19:13:44.208884,577.698,GBP,Bank Transfer,Failed
437694,2025-03-05 19:13:44.208886,917.796,SGD,Credit Card,Pending
381408,2025-02-22 19:13:44.208890,1076.988,EUR,Credit Card,Pending
582661,2025-02-24 19:13:44.208892,89.287,EUR,PayPal,Pending
202826,2025-03-13 19:13:44.208895,300.91600000000005,USD,Credit Card,Completed
643050,2025-03-14 19:13:44.208898,51.073,USD,PayPal,Failed
960413,2025-03-12 19:13:44.208901,940.9840000000002,JPY,PayPal,Pending
492432,2025-03-19 19:13:44.208904,965.8330000000001,JPY,Bank Transfer,Failed
823375,2025-03-12 19:13:44.208911,84.74400000000001,JPY,Bank Transfer,Failed
983274,2025-03-02 19:13:44.208914,1095.534,GBP,Credit Card,Pending
344329,2025-02-22 19:13:44.208917,105.24800000000002,JPY,PayPal,Pending
908680,2025-03-19 19:13:44.208921,615.9010000000001,JPY,Credit Card,Completed
535860,2025-03-07 19:13:44.208924,121.58300000000001,SGD,Credit Card,Pending
305344,2025-03-16 19:13:44.208927,529.958,USD,PayPal,Completed
957104,2025-03-10 19:13:44.208936,578.171,GBP,Bank Transfer,Failed
633458,2025-02-28 19:13:44.208939,332.14500000000004,SGD,PayPal,Failed
667847,2025-03-16 19:13:44.208942,659.4390000000001,USD,Bank Transfer,Failed
323540,2025-03-19 19:13:44.208945,1032.845,JPY,Credit Card,Failed
297990,2025-03-10 19:13:44.208948,543.389,EUR,Bank Transfer,Failed
366294,2025-03-17 19:13:44.208957,288.563,EUR,PayPal,Pending
203362,2025-03-14 19:13:44.208960,29.524,SGD,Credit Card,Failed
970452,2025-02-20 19:13:44.208963,872.4870000000001,JPY,PayPal,Failed
261667,2025-03-08 19:13:44.208966,43.956,GBP,Credit Card,Completed
863688,2025-03-14 19:13:44.208969,732.336,JPY,Bank Transfer,Failed
422670,2025-03-01 19:13:44.208972,1077.461,JPY,Bank Transfer,Failed
901776,2025-02-24 19:13:44.208975,496.62800000000004,SGD,Bank Transfer,Failed
870530,2025-03-16 19:13:44.208978,886.336,SGD,Credit Card,Pending
443538,2025-02-21 19:13:44.208980,1032.394,JPY,Bank Transfer,Completed
871491,2025-02-27 19:13:44.208984,520.52,SGD,PayPal,Failed
923989,2025-02-26 19:13:44.208986,950.9170000000001,GBP,Bank Transfer,Completed
623681,2025-03-09 19:13:44.208989,694.4630000000001,SGD,PayPal,Failed
228280,2025-03-17 19:13:44.208992,340.23,USD,PayPal,Failed
698567,2025-03-17 19:13:44.208995,664.18,USD,PayPal,Pending
369093,2025-03-17 19:13:44.208999,281.06100000000004,GBP,PayPal,Pending
589973,2025-03-11 19:13:44.209002,429.80300000000005,SGD,Credit Card,Pending
136394,2025-03-13 19:13:44.209004,553.839,SGD,Bank Transfer,Failed
468130,2025-03-16 19:13:44.209007,299.189,SGD,Credit Card,Pending
646478,2025-03-17 19:13:44.209010,90.38700000000001,EUR,Bank Transfer,Failed
922992,2025-03-18 19:13:44.209013,937.783,USD,Credit Card,Pending
790135,2025-03-07 19:13:44.209016,895.5540000000001,USD,Credit Card,Pending
670599,2025-02-23 19:13:44.209020,440.20900000000006,EUR,Bank Transfer,Pending
810758,2025-03-09 19:13:44.209023,358.56700000000006,JPY,Bank Transfer,Completed
231976,2025-02-27 19:13:44.209026,744.6340000000001,USD,Credit Card,Pending
700119,2025-03-17 19:13:44.209029,730.994,USD,Credit Card,Completed
644482,2025-03-18 19:13:44.209031,635.305,GBP,Bank Transfer,Pending
512367,2025-03-03 19:13:44.209034,1041.9750000000001,SGD,Credit Card,Failed
732943,2025-03-16 19:13:44.209037,973.544,GBP,PayPal,Failed
170000,2025-02-27 19:13:44.209040,224.15800000000002,JPY,Credit Card,Completed
293561,2025-02-19 19:13:44.209043,667.183,GBP,Bank Transfer,Completed
393873,2025-02-21 19:13:44.209046,66.418,USD,Credit Card,Completed
853634,2025-03-02 19:13:44.209049,737.2750000000001,GBP,Bank Transfer,Failed
181040,2025-02-28 19:13:44.209051,146.883,GBP,Credit Card,Pending
959214,2025-02-26 19:13:44.209054,857.4720000000001,EUR,Bank Transfer,Completed
716566,2025-02-20 19:13:44.209058,353.232,USD,PayPal,Failed
702390,2025-03-01 19:13:44.209061,282.975,SGD,Bank Transfer,Failed
432095,2025-02-21 19:13:44.209064,272.86600000000004,JPY,Bank Transfer,Failed
683255,2025-02-22 19:13:44.209067,1010.7460000000001,JPY,Credit Card,Completed
574180,2025-03-09 19:13:44.209070,954.9320000000001,SGD,Credit Card,Pending
277791,2025-02-26 19:13:44.209072,80.025,GBP,Credit Card,Pending
187112,2025-03-12 19:13:44.209075,440.6600000000001,USD,PayPal,Completed
768618,2025-03-11 19:13:44.209078,801.8670000000001,JPY,Credit Card,Pending
536814,2025-03-20 19:13:44.209081,976.162,GBP,PayPal,Pending
233145,2025-03-13 19:13:44.209084,284.04200000000003,JPY,Bank Transfer,Pending
874147,2025-02-20 19:13:44.209087,557.931,USD,Credit Card,Completed
492690,2025-02-19 19:13:44.209090,520.1460000000001,JPY,Credit Card,Completed
619420,2025-02-26 19:13:44.209093,474.1,SGD,Credit Card,Completed
404230,2025-02-25 19:13:44.209096,217.49200000000002,SGD,PayPal,Failed
484147,2025-03-16 19:13:44.209099,885.412,SGD,Bank Transfer,Completed
969916,2025-03-06 19:13:44.209101,510.55400000000003,GBP,Bank Transfer,Pending
410276,2025-03-18 19:13:44.209104,941.9300000000001,GBP,Credit Card,Failed
755833,2025-02-23 19:13:44.209107,110.48400000000001,JPY,Credit Card,Pending
219613,2025-03-18 19:13:44.209110,649.308,EUR,Credit Card,Completed
927121,2025-03-19 19:13:44.209115,214.544,JPY,PayPal,Failed
628150,2025-03-14 19:13:44.209118,208.186,USD,PayPal,Completed
600236,2025-02-26 19:13:44.209123,855.5140000000001,GBP,Credit Card,Pending
574074,2025-03-16 19:13:44.209126,833.1510000000001,USD,PayPal,Failed
409184,2025-03-16 19:13:44.209129,402.49,JPY,Bank Transfer,Completed
805607,2025-03-19 19:13:44.209132,171.952,EUR,Bank Transfer,Completed
858087,2025-02-24 19:13:44.209134,639.7270000000001,JPY,PayPal,Failed
314509,2025-02-19 19:13:44.209137,826.4630000000001,EUR,Bank Transfer,Completed
244618,2025-03-17 19:13:44.209140,184.69000000000003,SGD,Credit Card,Completed
786987,2025-03-18 19:13:44.209143,842.4240000000001,USD,PayPal,Pending
320819,2025-02-19 19:13:44.209145,69.99300000000001,JPY,Credit Card,Failed
571002,2025-03-04 19:13:44.209148,266.64000000000004,USD,Bank Transfer,Pending
962548,2025-03-09 19:13:44.209151,1055.527,SGD,Credit Card,Completed
563043,2025-03-14 19:13:44.209154,437.81100000000004,JPY,Credit Card,Completed
311911,2025-02-23 19:13:44.209157,128.55700000000002,GBP,Bank Transfer,Completed
574198,2025-03-12 19:13:44.209159,586.5640000000001,JPY,Bank Transfer,Completed
130564,2025-03-03 19:13:44.209162,265.617,USD,Credit Card,Failed
215924,2025-03-07 19:13:44.209165,161.304,EUR,Credit Card,Failed
529697,2025-03-02 19:13:44.209168,917.158,SGD,Bank Transfer,Failed
801290,2025-02-26 19:13:44.209170,370.843,GBP,Bank Transfer,Pending
608542,2025-02-21 19:13:44.209174,537.845,EUR,Credit Card,Pending
266536,2025-02-22 19:13:44.209177,392.557,USD,Credit Card,Failed
410899,2025-03-10 19:13:44.209180,634.612,SGD,Credit Card,Failed
950480,2025-02-26 19:13:44.209183,677.6,EUR,PayPal,Completed
902433,2025-03-12 19:13:44.209185,423.97300000000007,JPY,PayPal,Failed
830031,2025-02-24 19:13:44.209188,837.705,EUR,Bank Transfer,Failed
604218,2025-02-20 19:13:44.209195,676.1370000000001,JPY,Credit Card,Completed
714778,2025-03-04 19:13:44.209198,417.92300000000006,JPY,Bank Transfer,Completed
894354,2025-03-17 19:13:44.209200,694.562,JPY,Bank Transfer,Completed
345320,2025-02-24 19:13:44.209203,723.162,USD,Bank Transfer,Completed
270819,2025-03-14 19:13:44.209206,34.463,EUR,PayPal,Pending
473483,2025-03-07 19:13:44.209210,326.75500000000005,USD,Credit Card,Pending
852826,2025-03-18 19:13:44.209212,41.107,JPY,Credit Card,Pending
822956,2025-02-28 19:13:44.209215,293.612,SGD,PayPal,Failed
973503,2025-02-24 19:13:44.209218,667.755,GBP,Credit Card,Completed
201267,2025-02-25 19:13:44.209221,343.37600000000003,SGD,Bank Transfer,Completed
660981,2025-03-06 19:13:44.209223,467.94,JPY,Bank Transfer,Pending
680334,2025-02-28 19:13:44.209226,130.471,USD,Credit Card,Failed
477674,2025-02-25 19:13:44.209229,54.78,SGD,Bank Transfer,Completed
686693,2025-02-21 19:13:44.209233,986.7,GBP,Credit Card,Completed
505178,2025-03-01 19:13:44.209235,1032.779,JPY,Bank Transfer,Pending
743430,2025-03-10 19:13:44.209238,152.691,GBP,PayPal,Completed
208271,2025-02-27 19:13:44.209241,310.827,GBP,Bank Transfer,Failed
506848,2025-02-25 19:13:44.209244,199.40800000000002,JPY,Credit Card,Failed
978927,2025-02-22 19:13:44.209247,49.489000000000004,JPY,Credit Card,Failed
276211,2025-03-01 19:13:44.209249,750.662,JPY,Bank Transfer,Completed
775120,2025-03-20 19:13:44.209252,392.689,USD,Credit Card,Completed
135517,2025-03-09 19:13:44.209255,180.675,USD,PayPal,Completed
294665,2025-03-08 19:13:44.209258,970.4970000000001,EUR,Bank Transfer,Pending
607858,2025-02-27 19:13:44.209260,603.405,JPY,Bank Transfer,Failed
237664,2025-03-05 19:13:44.209263,186.175,USD,Bank Transfer,Completed
461215,2025-03-07 19:13:44.209266,138.941,JPY,PayPal,Completed
851718,2025-02-24 19:13:44.209269,540.32,GBP,PayPal,Completed
679699,2025-02-21 19:13:44.209271,807.9280000000001,GBP,PayPal,Completed
307097,2025-03-20 19:13:44.209274,74.14000000000001,SGD,PayPal,Failed
110205,2025-03-08 19:13:44.209277,445.808,SGD,Bank Transfer,Pending
239167,2025-03-18 19:13:44.209279,450.63700000000006,USD,Bank Transfer,Pending
187093,2025-03-08 19:13:44.209282,894.3880000000001,GBP,Bank Transfer,Pending
126071,2025-03-07 19:13:44.209285,389.95000000000005,GBP,PayPal,Failed
766717,2025-03-05 19:13:44.209288,624.4920000000001,JPY,Bank Transfer,Pending
586656,2025-02-27 19:13:44.209291,318.285,GBP,PayPal,Failed
255213,2025-02-28 19:13:44.209294,472.94500000000005,USD,Bank Transfer,Completed
193309,2025-03-02 19:13:44.209297,390.8960000000001,USD,Bank Transfer,Completed
303566,2025-03-04 19:13:44.209299,389.76300000000003,EUR,Bank Transfer,Failed
736053,2025-02-23 19:13:44.209303,769.8240000000001,USD,Bank Transfer,Pending
723252,2025-03-17 19:13:44.209305,105.38000000000001,JPY,Bank Transfer,Pending
140811,2025-02-27 19:13:44.209309,533.3240000000001,SGD,PayPal,Failed
371632,2025-02-26 19:13:44.209312,546.392,SGD,Bank Transfer,Failed
379329,2025-03-06 19:13:44.209315,350.02000000000004,GBP,PayPal,Failed
215143,2025-02-23 19:13:44.209318,430.70500000000004,SGD,Bank Transfer,Completed
982400,2025-03-16 19:13:44.209320,696.201,USD,Credit Card,Pending
919704,2025-03-07 19:13:44.209323,960.8060000000002,GBP,Credit Card,Pending
506664,2025-03-18 19:13:44.209326,570.2180000000001,SGD,Credit Card,Failed
321828,2025-02-20 19:13:44.209329,561.693,JPY,Bank Transfer,Failed
444718,2025-03-12 19:13:44.209331,364.738,EUR,PayPal,Failed
325032,2025-03-17 19:13:44.209334,442.904,JPY,PayPal,Completed
730076,2025-02-19 19:13:44.209337,764.951,EUR,Credit Card,Failed
752999,2025-02-19 19:13:44.209340,418.308,JPY,Credit Card,Failed
621343,2025-02-23 19:13:44.209343,96.50300000000001,EUR,Credit Card,Pending
992769,2025-02-25 19:13:44.209346,822.4810000000001,GBP,Bank Transfer,Completed
269445,2025-03-12 19:13:44.209350,1019.9860000000001,USD,PayPal,Completed
914632,2025-02-28 19:13:44.209352,241.21900000000002,EUR,Bank Transfer,Failed
117458,2025-02-27 19:13:44.209355,52.063,SGD,Bank Transfer,Completed
508671,2025-02-24 19:13:44.209358,202.08100000000002,SGD,Bank Transfer,Completed
139216,2025-02-22 19:13:44.209361,726.6600000000001,GBP,Credit Card,Failed
711055,2025-03-11 19:13:44.209364,851.73,JPY,Credit Card,Failed
454601,2025-03-05 19:13:44.209367,606.8700000000001,JPY,Credit Card,Completed
330235,2025-02-27 19:13:44.209370,521.7520000000001,JPY,PayPal,Completed
361448,2025-03-12 19:13:44.209373,648.34,EUR,PayPal,Completed
191140,2025-02-25 19:13:44.209376,129.217,GBP,Credit Card,Completed
672474,2025-03-03 19:13:44.209378,224.686,EUR,Credit Card,Failed
326890,2025-02-22 19:13:44.209381,58.300000000000004,SGD,Bank Transfer,Pending
581795,2025-02-22 19:13:44.209384,452.023,SGD,PayPal,Failed
303290,2025-03-08 19:13:44.209387,605.1320000000001,SGD,Bank Transfer,Completed
717022,2025-03-05 19:13:44.209390,583.33,JPY,Bank Transfer,Completed
173908,2025-03-15 19:13:44.209393,92.37800000000001,EUR,Credit Card,Completed
826938,2025-03-08 19:13:44.209396,37.26800000000001,GBP,Credit Card,Pending
683453,2025-03-17 19:13:44.209399,977.0090000000001,USD,Credit Card,Completed
344970,2025-03-01 19:13:44.209403,524.788,GBP,PayPal,Completed
297079,2025-02-28 19:13:44.209406,153.824,JPY,Bank Transfer,Failed
673719,2025-03-05 19:13:44.209408,654.3570000000001,USD,PayPal,Pending
170339,2025-02-28 19:13:44.209411,193.24800000000002,SGD,Credit Card,Completed
637174,2025-03-03 19:13:44.209414,623.3810000000001,EUR,Credit Card,Completed
289411,2025-03-04 19:13:44.209417,231.77,JPY,Bank Transfer,Completed
684994,2025-03-01 19:13:44.209419,376.321,USD,Credit Card,Completed
687743,2025-03-04 19:13:44.209422,431.288,SGD,PayPal,Failed
454520,2025-02-23 19:13:44.209425,1025.651,SGD,PayPal,Completed
658662,2025-02-25 19:13:44.209427,99.671,GBP,PayPal,Completed
632070,2025-02-26 19:13:44.209430,902.341,JPY,Bank Transfer,Pending
418567,2025-03-11 19:13:44.209433,762.3770000000001,GBP,Bank Transfer,Pending
921299,2025-02-27 19:13:44.209436,828.047,EUR,PayPal,Completed
904782,2025-02-26 19:13:44.209439,260.139,USD,Bank Transfer,Pending
262042,2025-03-18 19:13:44.209441,843.865,EUR,Credit Card,Pending
162511,2025-03-09 19:13:44.209444,263.384,EUR,PayPal,Completed
126236,2025-02-27 19:13:44.209447,738.518,JPY,PayPal,Completed
633579,2025-03-03 19:13:44.209450,976.2280000000001,USD,PayPal,Pending
374794,2025-03-19 19:13:44.209452,441.99100000000004,EUR,Bank Transfer,Completed
434247,2025-03-13 19:13:44.209456,27.533000000000005,EUR,Credit Card,Completed
131979,2025-03-03 19:13:44.209459,142.098,USD,Credit Card,Pending
734605,2025-03-07 19:13:44.209465,463.661,SGD,Bank Transfer,Pending
671926,2025-03-08 19:13:44.209468,830.841,SGD,PayPal,Pending
524840,2025-03-16 19:13:44.209470,962.9180000000001,GBP,PayPal,Completed
127116,2025-03-08 19:13:44.209473,212.883,GBP,Bank Transfer,Completed
486192,2025-02-27 19:13:44.209476,415.43700000000007,GBP,PayPal,Pending
284078,2025-03-11 19:13:44.209479,649.869,USD,Credit Card,Completed
522070,2025-02-23 19:13:44.209481,165.95700000000002,JPY,Credit Card,Pending
510555,2025-03-14 19:13:44.209484,923.197,SGD,Credit Card,Pending
540827,2025-02-21 19:13:44.209487,905.9710000000001,EUR,PayPal,Completed
413715,2025-03-11 19:13:44.209490,682.1320000000001,GBP,PayPal,Pending
473226,2025-03-06 19:13:44.209492,470.97600000000006,EUR,Bank Transfer,Completed
728581,2025-02-21 19:13:44.209496,854.623,GBP,Credit Card,Pending
805649,2025-03-10 19:13:44.209499,152.07500000000002,JPY,PayPal,Pending
791784,2025-03-02 19:13:44.209502,782.3090000000001,JPY,Bank Transfer,Pending
543022,2025-02-23 19:13:44.209504,773.6630000000001,USD,Bank Transfer,Completed
885462,2025-03-20 19:13:44.209507,750.255,GBP,PayPal,Completed
898610,2025-03-12 19:13:44.209510,894.003,GBP,PayPal,Completed
106220,2025-03-12 19:13:44.209513,115.96200000000002,JPY,PayPal,Completed
622793,2025-03-06 19:13:44.209516,402.13800000000003,USD,PayPal,Failed
424007,2025-02-20 19:13:44.209519,542.927,GBP,PayPal,Failed
719431,2025-02-26 19:13:44.209522,245.04700000000003,USD,Bank Transfer,Failed
391551,2025-03-09 19:13:44.209525,269.445,EUR,PayPal,Pending
115803,2025-03-18 19:13:44.209528,815.628,EUR,PayPal,Pending
133999,2025-03-11 19:13:44.209531,818.807,SGD,Bank Transfer,Completed
674166,2025-03-06 19:13:44.209533,154.616,GBP,Credit Card,Pending
665955,2025-03-06 19:13:44.209536,198.836,GBP,PayPal,Pending
711826,2025-02-19 19:13:44.209539,963.589,JPY,Credit Card,Pending
877282,2025-03-15 19:13:44.209541,713.196,SGD,Credit Card,Pending
390786,2025-02-22 19:13:44.209544,81.44400000000002,JPY,Credit Card,Failed
173722,2025-03-18 19:13:44.209547,928.4110000000001,USD,PayPal,Pending
408238,2025-03-20 19:13:44.209550,1002.0450000000002,JPY,Bank Transfer,Completed
381376,2025-02-28 19:13:44.209552,764.0930000000001,SGD,Bank Transfer,Completed
811367,2025-03-06 19:13:44.209555,604.736,EUR,PayPal,Pending
691137,2025-03-08 19:13:44.209558,397.07800000000003,JPY,PayPal,Pending
504877,2025-03-03 19:13:44.209561,702.0530000000001,JPY,Credit Card,Pending
662822,2025-03-18 19:13:44.209564,590.964,SGD,Credit Card,Failed
637456,2025-03-18 19:13:44.209567,907.0820000000001,USD,PayPal,Failed
188209,2025-03-04 19:13:44.209570,608.3990000000001,EUR,PayPal,Failed
298888,2025-03-01 19:13:44.209573,566.0930000000001,JPY,Credit Card,Completed
353533,2025-02-22 19:13:44.209576,70.587,GBP,PayPal,Pending
953665,2025-03-13 19:13:44.209579,735.35,SGD,PayPal,Pending
654801,2025-02-27 19:13:44.209582,1070.487,EUR,PayPal,Pending
477850,2025-02-23 19:13:44.209585,371.01900000000006,USD,Credit Card,Failed
606383,2025-03-13 19:13:44.209588,253.33000000000004,USD,Bank Transfer,Pending
237403,2025-03-04 19:13:44.209590,995.258,EUR,Credit Card,Failed
951312,2025-02-19 19:13:44.209593,790.515,JPY,Bank Transfer,Failed
598107,2025-03-14 19:13:44.209596,749.023,USD,Credit Card,Pending
807081,2025-03-11 19:13:44.209599,60.225,JPY,Credit Card,Pending
680722,2025-03-11 19:13:44.209602,573.155,JPY,Bank Transfer,Pending
243647,2025-02-23 19:13:44.209605,607.794,EUR,Bank Transfer,Pending
268592,2025-03-01 19:13:44.209608,450.24100000000004,EUR,Credit Card,Completed
463217,2025-03-05 19:13:44.209611,917.3560000000001,SGD,PayPal,Failed
212666,2025-02-22 19:13:44.209614,1049.3560000000002,EUR,PayPal,Failed
791246,2025-03-15 19:13:44.209617,302.19200000000006,SGD,PayPal,Failed
629815,2025-03-01 19:13:44.209620,716.0560000000002,SGD,Bank Transfer,Completed
329061,2025-02-19 19:13:44.209623,275.12100000000004,EUR,Credit Card,Completed
471170,2025-02-28 19:13:44.209626,748.594,JPY,PayPal,Pending
177319,2025-02-20 19:13:44.209629,416.009,GBP,PayPal,Completed
818760,2025-03-09 19:13:44.209632,26.774,JPY,Credit Card,Completed
237307,2025-03-01 19:13:44.209635,63.657000000000004,EUR,PayPal,Completed
756522,2025-03-19 19:13:44.209638,750.0020000000001,SGD,Credit Card,Pending
808379,2025-02-28 19:13:44.209640,506.56100000000004,GBP,Credit Card,Failed
129806,2025-02-26 19:13:44.209643,782.529,JPY,PayPal,Completed
584397,2025-03-09 19:13:44.209646,678.447,JPY,Bank Transfer,Pending
989236,2025-03-06 19:13:44.209649,629.5740000000001,USD,Bank Transfer,Completed
747250,2025-03-18 19:13:44.209651,531.311,SGD,Credit Card,Completed
658245,2025-03-15 19:13:44.209654,315.249,EUR,Bank Transfer,Failed
329224,2025-02-24 19:13:44.209657,737.869,SGD,Credit Card,Completed
978243,2025-03-15 19:13:44.209659,470.65700000000004,SGD,Credit Card,Pending
848342,2025-03-09 19:13:44.209662,133.826,USD,Credit Card,Pending
678495,2025-02-20 19:13:44.209665,826.166,JPY,PayPal,Pending
185958,2025-03-16 19:13:44.209668,1019.5240000000001,EUR,PayPal,Completed
817904,2025-03-12 19:13:44.209671,244.97,JPY,PayPal,Failed
281334,2025-03-03 19:13:44.209673,607.8600000000001,EUR,Bank Transfer,Failed
479481,2025-03-09 19:13:44.209676,367.25700000000006,JPY,Credit Card,Failed
382206,2025-03-10 19:13:44.209680,336.66600000000005,SGD,Bank Transfer,Failed
957072,2025-02-26 19:13:44.209683,246.48800000000003,EUR,Bank Transfer,Completed
884790,2025-03-14 19:13:44.209686,658.669,JPY,Bank Transfer,Pending
751000,2025-02-27 19:13:44.209689,494.14200000000005,SGD,PayPal,Failed
850567,2025-02-23 19:13:44.209692,554.8290000000001,GBP,Credit Card,Failed
148123,2025-03-14 19:13:44.209694,652.201,JPY,Credit Card,Failed
327700,2025-02-26 19:13:44.209697,37.653,EUR,PayPal,Completed
563240,2025-03-05 19:13:44.209700,397.408,JPY,Bank Transfer,Failed
432172,2025-03-03 19:13:44.209703,621.973,SGD,Bank Transfer,Completed
231772,2025-03-14 19:13:44.209705,88.462,USD,Bank Transfer,Completed
901005,2025-03-14 19:13:44.209708,774.741,EUR,Bank Transfer,Completed
428963,2025-03-19 19:13:44.209711,611.2040000000001,SGD,Credit Card,Completed
795729,2025-03-17 19:13:44.209714,273.284,GBP,Bank Transfer,Failed
231890,2025-02-27 19:13:44.209717,868.6260000000001,USD,Bank Transfer,Failed
997418,2025-03-06 19:13:44.209719,287.463,GBP,Bank Transfer,Failed
611370,2025-03-06 19:13:44.209722,806.1020000000001,JPY,Bank Transfer,Failed
626199,2025-03-13 19:13:44.209725,678.9200000000001,USD,Credit Card,Completed
550890,2025-03-18 19:13:44.209728,626.9780000000001,USD,PayPal,Completed
623530,2025-02-22 19:13:44.209734,324.21400000000006,USD,PayPal,Failed
553628,2025-03-08 19:13:44.209737,262.82300000000004,GBP,Credit Card,Pending
899979,2025-03-19 19:13:44.209739,994.5430000000001,GBP,Bank Transfer,Pending
739922,2025-03-18 19:13:44.209743,240.603,USD,PayPal,Completed
654587,2025-03-13 19:13:44.209746,601.9090000000001,USD,PayPal,Pending
861765,2025-03-14 19:13:44.209749,47.542,SGD,Bank Transfer,Pending
250533,2025-03-08 19:13:44.209752,902.9130000000001,EUR,Credit Card,Failed
795786,2025-03-04 19:13:44.209754,616.7040000000001,JPY,Credit Card,Completed
547050,2025-03-12 19:13:44.209757,405.75700000000006,USD,Bank Transfer,Failed
579094,2025-03-04 19:13:44.209760,387.343,JPY,Credit Card,Failed
764943,2025-03-12 19:13:44.209763,1044.747,JPY,Credit Card,Pending
161419,2025-03-20 19:13:44.209767,985.8200000000002,GBP,PayPal,Pending
240170,2025-03-13 19:13:44.209770,588.83,GBP,PayPal,Failed
485697,2025-02-25 19:13:44.209772,429.3960000000001,GBP,PayPal,Completed
995386,2025-03-16 19:13:44.209775,1046.991,GBP,PayPal,Completed
573864,2025-02-27 19:13:44.209778,676.3460000000001,GBP,PayPal,Completed
576750,2025-03-07 19:13:44.209781,426.30500000000006,JPY,Bank Transfer,Pending
357881,2025-03-11 19:13:44.209784,577.016,SGD,Credit Card,Pending
941646,2025-03-05 19:13:44.209786,772.9150000000001,USD,Credit Card,Completed
995067,2025-03-02 19:13:44.209789,1076.5040000000001,EUR,PayPal,Failed
490868,2025-02-21 19:13:44.209792,634.8870000000001,USD,Credit Card,Failed
491404,2025-02-20 19:13:44.209795,212.38800000000003,USD,Credit Card,Pending
492429,2025-03-15 19:13:44.209798,503.283,SGD,PayPal,Pending
662191,2025-03-02 19:13:44.209801,665.423,GBP,Credit Card,Failed
226933,2025-03-09 19:13:44.209804,495.67100000000005,JPY,Bank Transfer,Failed
491277,2025-03-10 19:13:44.209807,687.0930000000001,GBP,Credit Card,Completed
688060,2025-03-11 19:13:44.209809,192.709,SGD,PayPal,Failed
167556,2025-03-08 19:13:44.209812,258.973,JPY,Credit Card,Failed
851222,2025-02-27 19:13:44.209815,19.096,SGD,Bank Transfer,Pending
239844,2025-03-06 19:13:44.209818,1072.8850000000002,JPY,Credit Card,Completed
558705,2025-03-03 19:13:44.209820,877.657,GBP,Bank Transfer,Completed
678515,2025-03-05 19:13:44.209823,1013.4630000000001,SGD,Credit Card,Pending
241740,2025-02-28 19:13:44.209826,840.7850000000001,GBP,Bank Transfer,Completed
378248,2025-03-02 19:13:44.209829,601.216,EUR,Bank Transfer,Failed
425116,2025-03-04 19:13:44.209831,798.1490000000001,GBP,Credit Card,Completed
905865,2025-03-11 19:13:44.209834,372.82300000000004,EUR,Credit Card,Pending
455334,2025-03-08 19:13:44.209837,945.868,JPY,Credit Card,Completed
131909,2025-03-05 19:13:44.209840,197.549,SGD,PayPal,Failed
179722,2025-03-03 19:13:44.209842,132.95700000000002,EUR,PayPal,Pending
420108,2025-02-24 19:13:44.209845,214.23600000000002,USD,Bank Transfer,Failed
445575,2025-03-14 19:13:44.209848,110.80300000000001,SGD,Bank Transfer,Pending
296788,2025-03-05 19:13:44.209851,784.0250000000001,SGD,PayPal,Completed
439201,2025-02-24 19:13:44.209854,727.419,EUR,Credit Card,Completed
486757,2025-02-25 19:13:44.209857,40.88700000000001,EUR,Bank Transfer,Pending
614104,2025-03-14 19:13:44.209861,593.505,GBP,Bank Transfer,Failed
154584,2025-03-13 19:13:44.209865,475.838,USD,Bank Transfer,Failed
347617,2025-03-18 19:13:44.209867,203.918,JPY,Credit Card,Completed
960227,2025-02-21 19:13:44.209870,218.845,JPY,PayPal,Failed
341473,2025-03-13 19:13:44.209873,972.84,GBP,Credit Card,Completed
257334,2025-03-09 19:13:44.209876,185.79000000000002,SGD,PayPal,Failed
341093,2025-03-04 19:13:44.209879,242.68200000000002,JPY,Credit Card,Pending
715855,2025-03-16 19:13:44.209881,1015.6410000000001,GBP,PayPal,Completed
297458,2025-02-21 19:13:44.209884,1075.305,SGD,PayPal,Completed
699985,2025-03-15 19:13:44.209887,981.244,EUR,Bank Transfer,Pending
565239,2025-03-07 19:13:44.209890,553.3660000000001,JPY,PayPal,Completed
276967,2025-03-16 19:13:44.209892,302.786,GBP,PayPal,Pending
414756,2025-03-13 19:13:44.209897,809.7210000000001,USD,PayPal,Failed
169052,2025-02-21 19:13:44.209899,425.59000000000003,SGD,PayPal,Failed
320455,2025-03-07 19:13:44.209902,497.89300000000003,USD,Bank Transfer,Completed
407149,2025-03-10 19:13:44.209905,993.19,USD,Credit Card,Failed
636571,2025-02-26 19:13:44.209908,418.781,USD,Credit Card,Failed
690949,2025-03-18 19:13:44.209911,542.113,SGD,Bank Transfer,Pending
187619,2025-03-05 19:13:44.209914,836.143,JPY,Bank Transfer,Completed
314317,2025-03-12 19:13:44.209917,781.7810000000001,EUR,Bank Transfer,Pending
961675,2025-03-10 19:13:44.209920,32.879000000000005,JPY,Credit Card,Completed
389694,2025-03-05 19:13:44.209922,118.943,GBP,Bank Transfer,Failed
472085,2025-03-06 19:13:44.209925,422.55400000000003,USD,Credit Card,Failed
462661,2025-03-09 19:13:44.209928,785.7630000000001,USD,PayPal,Failed
541654,2025-02-27 19:13:44.209931,513.6560000000001,GBP,Bank Transfer,Completed
677953,2025-03-01 19:13:44.209933,527.1640000000001,USD,Credit Card,Failed
668826,2025-03-12 19:13:44.209936,291.918,JPY,Bank Transfer,Failed
769840,2025-03-10 19:13:44.209939,417.08700000000005,SGD,PayPal,Completed
439010,2025-03-02 19:13:44.209942,521.2460000000001,GBP,Credit Card,Pending
529781,2025-02-23 19:13:44.209945,887.447,GBP,Bank Transfer,Pending
924227,2025-03-20 19:13:44.209949,705.562,JPY,PayPal,Failed
738116,2025-02-19 19:13:44.209952,447.94200000000006,GBP,PayPal,Completed
802261,2025-02-23 19:13:44.209954,1017.2360000000001,JPY,PayPal,Pending
233657,2025-02-20 19:13:44.209957,396.27500000000003,USD,Credit Card,Completed
331617,2025-03-15 19:13:44.209960,753.269,USD,PayPal,Completed
181967,2025-03-02 19:13:44.209963,118.40400000000001,USD,Bank Transfer,Failed
548181,2025-03-02 19:13:44.209966,535.062,GBP,Bank Transfer,Pending
884779,2025-03-10 19:13:44.209969,87.021,SGD,PayPal,Pending
849194,2025-03-11 19:13:44.209972,580.1070000000001,JPY,Bank Transfer,Completed
349156,2025-03-09 19:13:44.209975,564.96,SGD,Bank Transfer,Failed
315322,2025-02-26 19:13:44.209977,313.533,JPY,PayPal,Pending
459936,2025-02-22 19:13:44.209980,887.975,JPY,Bank Transfer,Completed
683143,2025-03-01 19:13:44.209983,282.05100000000004,USD,PayPal,Pending
480257,2025-02-28 19:13:44.209986,19.723000000000003,GBP,Bank Transfer,Failed
141094,2025-03-11 19:13:44.209988,922.4490000000001,EUR,Credit Card,Failed
569957,2025-03-04 19:13:44.209991,378.32300000000004,SGD,Bank Transfer,Completed
215756,2025-03-19 19:13:44.209994,338.31600000000003,USD,Credit Card,Pending
515200,2025-03-19 19:13:44.209997,755.4580000000001,SGD,PayPal,Failed
477100,2025-02-26 19:13:44.209999,971.2890000000001,USD,Bank Transfer,Failed
753149,2025-02-22 19:13:44.210005,49.654,SGD,Bank Transfer,Pending
781325,2025-03-05 19:13:44.210008,130.174,GBP,PayPal,Completed
578916,2025-02-20 19:13:44.210011,284.636,JPY,PayPal,Pending
853848,2025-02-22 19:13:44.210014,978.769,USD,Bank Transfer,Failed
423952,2025-03-14 19:13:44.210016,162.987,GBP,Credit Card,Failed
632331,2025-03-13 19:13:44.210019,537.856,SGD,PayPal,Completed
100568,2025-03-02 19:13:44.210022,106.34800000000001,SGD,Credit Card,Failed
262496,2025-02-19 19:13:44.210026,96.096,GBP,Bank Transfer,Pending
726082,2025-03-17 19:13:44.210028,879.296,GBP,Credit Card,Failed
640334,2025-02-24 19:13:44.210031,564.74,JPY,Bank Transfer,Completed
755449,2025-02-28 19:13:44.210034,715.572,EUR,PayPal,Completed
670417,2025-02-28 19:13:44.210037,849.0240000000001,USD,Credit Card,Failed
582676,2025-03-08 19:13:44.210040,840.2350000000001,GBP,Credit Card,Pending
862686,2025-02-20 19:13:44.210042,946.187,EUR,Bank Transfer,Pending
729762,2025-03-06 19:13:44.210045,1083.544,EUR,Bank Transfer,Failed
355687,2025-03-06 19:13:44.210048,244.84900000000002,EUR,Credit Card,Failed
306467,2025-02-28 19:13:44.210052,253.52800000000002,JPY,Credit Card,Completed
341180,2025-03-06 19:13:44.210054,1016.994,EUR,Credit Card,Failed
473437,2025-03-17 19:13:44.210057,1048.256,USD,PayPal,Completed
305655,2025-03-13 19:13:44.210060,632.0270000000002,JPY,Credit Card,Pending
257792,2025-02-25 19:13:44.210063,1081.564,GBP,Credit Card,Completed
321088,2025-03-20 19:13:44.210065,838.662,USD,Bank Transfer,Completed
273013,2025-02-22 19:13:44.210068,449.163,JPY,Credit Card,Completed
239917,2025-02-27 19:13:44.210071,1084.545,USD,PayPal,Completed
324875,2025-02-21 19:13:44.210074,657.9540000000001,SGD,Bank Transfer,Failed
522179,2025-02-27 19:13:44.210077,759.066,USD,Bank Transfer,Completed
536857,2025-02-22 19:13:44.210079,477.76300000000003,GBP,Bank Transfer,Pending
471944,2025-02-27 19:13:44.210083,114.80700000000002,SGD,Credit Card,Failed
102576,2025-03-01 19:13:44.210086,749.287,JPY,Credit Card,Pending
145282,2025-03-01 19:13:44.210089,251.79000000000002,SGD,Credit Card,Completed
555595,2025-03-13 19:13:44.210092,401.61000000000007,USD,PayPal,Failed
388468,2025-03-03 19:13:44.210094,596.0020000000001,EUR,PayPal,Completed
887869,2025-02-22 19:13:44.210097,1055.054,GBP,PayPal,Failed
463231,2025-03-11 19:13:44.210100,323.158,GBP,Credit Card,Completed
596110,2025-02-26 19:13:44.210103,1059.256,EUR,PayPal,Completed
222329,2025-02-22 19:13:44.210106,194.96400000000003,GBP,Credit Card,Completed
420393,2025-03-06 19:13:44.210108,769.791,JPY,PayPal,Failed
805575,2025-03-14 19:13:44.210112,452.29800000000006,USD,PayPal,Failed
584750,2025-02-23 19:13:44.210115,560.868,GBP,Credit Card,Failed
517257,2025-03-20 19:13:44.210118,474.54,SGD,PayPal,Completed
279320,2025-03-02 19:13:44.210121,623.392,USD,Credit Card,Failed
304814,2025-03-14 19:13:44.210124,1095.116,USD,Bank Transfer,Completed
480263,2025-03-14 19:13:44.210126,641.5090000000001,GBP,Bank Transfer,Completed
147371,2025-03-13 19:13:44.210129,108.581,GBP,PayPal,Failed
454150,2025-03-07 19:13:44.210132,866.3270000000001,GBP,Credit Card,Failed
521927,2025-02-28 19:13:44.210136,781.2310000000001,USD,Bank Transfer,Pending
455255,2025-02-27 19:13:44.210139,842.0830000000001,SGD,Bank Transfer,Failed
681062,2025-03-06 19:13:44.210142,758.142,USD,PayPal,Completed
646062,2025-03-14 19:13:44.210145,291.5,USD,Bank Transfer,Completed
353384,2025-03-19 19:13:44.210148,732.589,EUR,Credit Card,Completed
747177,2025-03-08 19:13:44.210150,622.93,GBP,Bank Transfer,Pending
456968,2025-02-26 19:13:44.210153,768.515,JPY,PayPal,Pending
940789,2025-03-10 19:13:44.210156,108.57000000000001,GBP,Credit Card,Completed
752009,2025-02-25 19:13:44.210159,232.55100000000002,JPY,PayPal,Failed
413918,2025-02-20 19:13:44.210162,946.451,USD,Credit Card,Failed
398595,2025-03-12 19:13:44.210165,485.386,USD,PayPal,Completed
111325,2025-03-04 19:13:44.210168,985.0060000000001,EUR,Bank Transfer,Failed
615647,2025-03-15 19:13:44.210171,21.483000000000004,GBP,PayPal,Failed
682230,2025-02-23 19:13:44.210173,250.77800000000002,SGD,Credit Card,Completed
374918,2025-03-04 19:13:44.210176,444.85100000000006,SGD,PayPal,Completed
496494,2025-03-19 19:13:44.210179,149.633,JPY,Credit Card,Pending
796697,2025-03-04 19:13:44.210182,430.14400000000006,EUR,Bank Transfer,Failed
408645,2025-03-12 19:13:44.210184,590.491,GBP,PayPal,Pending
629351,2025-03-13 19:13:44.210187,180.66400000000002,GBP,PayPal,Completed
941428,2025-03-04 19:13:44.210190,1092.3110000000001,JPY,PayPal,Pending
581653,2025-03-18 19:13:44.210193,727.815,USD,Credit Card,Pending
766724,2025-03-16 19:13:44.210197,788.9090000000001,SGD,PayPal,Pending
654751,2025-02-20 19:13:44.210199,116.556,SGD,PayPal,Completed
408496,2025-02-26 19:13:44.210202,359.744,EUR,Credit Card,Completed
460195,2025-03-07 19:13:44.210205,385.2420000000001,USD,Bank Transfer,Completed
302199,2025-03-03 19:13:44.210208,907.687,SGD,Bank Transfer,Failed
651323,2025-02-27 19:13:44.210210,716.3530000000001,USD,Credit Card,Pending
727577,2025-03-19 19:13:44.210213,330.35200000000003,JPY,PayPal,Completed
302839,2025-03-18 19:13:44.210216,998.998,SGD,Credit Card,Failed
924129,2025-02-22 19:13:44.210219,205.711,GBP,PayPal,Pending
800625,2025-03-13 19:13:44.210223,154.97899999999998,JPY,PayPal,Failed
629578,2025-03-04 19:13:44.210225,506.15400000000005,EUR,Bank Transfer,Pending
557848,2025-02-28 19:13:44.210228,243.518,USD,Bank Transfer,Failed
709117,2025-03-14 19:13:44.210231,942.392,USD,Bank Transfer,Failed
727312,2025-02-24 19:13:44.210234,456.96200000000005,JPY,PayPal,Completed
336357,2025-02-27 19:13:44.210237,648.571,USD,Credit Card,Completed
233328,2025-02-20 19:13:44.210240,745.976,SGD,Credit Card,Completed
958642,2025-02-23 19:13:44.210243,958.254,USD,Credit Card,Completed
538599,2025-02-19 19:13:44.210246,523.8420000000001,USD,PayPal,Pending
624558,2025-03-08 19:13:44.210249,550.583,GBP,Bank Transfer,Completed
908291,2025-03-19 19:13:44.210252,528.1210000000001,EUR,PayPal,Completed
136677,2025-03-06 19:13:44.210255,454.718,SGD,PayPal,Pending
218485,2025-02-22 19:13:44.210258,270.57800000000003,EUR,Bank Transfer,Pending
493894,2025-02-20 19:13:44.210260,1025.387,GBP,Bank Transfer,Completed
476649,2025-03-05 19:13:44.210263,145.948,USD,PayPal,Pending
854233,2025-02-27 19:13:44.210266,345.004,USD,Credit Card,Failed
414863,2025-03-12 19:13:44.210269,321.497,USD,PayPal,Pending
187364,2025-03-05 19:13:44.210274,851.0920000000001,JPY,PayPal,Pending
173765,2025-03-12 19:13:44.210277,84.139,USD,Bank Transfer,Pending
449750,2025-02-21 19:13:44.210280,668.5360000000001,GBP,PayPal,Failed
414427,2025-03-19 19:13:44.210283,352.682,EUR,PayPal,Completed
679825,2025-02-28 19:13:44.210285,666.061,EUR,Credit Card,Failed
479571,2025-03-13 19:13:44.210288,100.617,SGD,Credit Card,Completed
372161,2025-03-16 19:13:44.210291,835.5490000000001,SGD,Credit Card,Completed
721780,2025-03-10 19:13:44.210294,1047.409,GBP,Credit Card,Pending
218471,2025-02-25 19:13:44.210296,312.884,SGD,Credit Card,Pending
859989,2025-03-08 19:13:44.210299,602.712,GBP,Bank Transfer,Pending
